ID,seq,DR Species num,all species num,Enterococcus faecalis,Pseudomonas aeruginosa,Staphylococcus aureus,Acinetobacter baumannii,Enterobacteriaceae,Helicobacter pylori,Salmonella species,Campylobacter,Neisseria gonorrhoeae,Streptococcus pneumoniae,Haemophilus influenzae,Shigella species,is Toxin,Cardiotoxin,Enterotoxin,Neurotoxin,Hemostasis impairing toxin,Myotoxin,Others,Lipid Bilayer / Membrane Protein,Cytoplasmic Protein,DNA / RNA,Biofilm
8,KVVVKWVVKVVK,2,4,0,1,0,1,0,0,0,0,0,0,0,0,1,0,0,0,0,0,0,1,0,0,0
10,LFIFFF,1,1,0,0,1,0,0,0,0,0,0,0,0,0,1,0,0,0,0,0,0,1,0,0,0
11,RVKRVWPLVIRTVIAGYNLYRAIKKK,4,7,0,1,1,0,1,0,1,0,0,0,0,0,1,0,0,0,0,0,0,1,0,0,0
12,RKRIHIGPGRAFYTT,1,1,0,0,0,0,1,0,0,0,0,0,0,0,1,0,0,0,0,0,0,1,0,0,0
13,RRXXRF,0,0,0,0,0,0,0,0,0,0,0,0,0,0,1,0,0,0,0,0,0,1,0,0,0
14,GIWDTIKSMGKVFAGKILQNL,3,3,0,0,1,1,1,0,0,0,0,0,0,0,0,0,0,0,0,0,0,1,0,0,1
15,DSHAKRHHGYKRKFHEKHHSHRGY,3,4,0,0,1,1,1,0,0,0,0,0,0,0,1,0,0,0,0,0,0,1,0,0,1
16,ENREVPPGFTALIKTLRKCKII,6,6,1,1,1,1,1,0,0,0,0,1,0,0,1,0,0,0,0,0,0,1,0,0,0
36,NLVSGLIEARKYLEQLHRKLKNCKV,6,6,1,1,1,1,1,0,0,0,0,1,0,0,1,0,0,0,0,0,0,1,0,0,0
37,GMASKAGAIAGKIAKVALKAL,3,3,0,1,1,0,1,0,0,0,0,0,0,0,0,0,0,0,0,0,0,1,0,0,1
38,KAAAKWAAKAAK,2,4,0,1,0,1,0,0,0,0,0,0,0,0,1,0,0,0,0,0,0,1,0,0,0
52,KWLNALLHHGLNCAKGVLA,0,0,0,0,0,0,0,0,0,0,0,0,0,0,1,0,0,0,0,0,0,1,0,0,0
53,FLPKTLRKFFARIRGGRAAVLNALGKEEQIGRASNSGRKCARKKK,4,5,1,1,1,1,0,0,0,0,0,0,0,0,1,0,0,0,0,0,0,1,0,0,0
54,ALLHHGLNCAKGVLA,0,0,0,0,0,0,0,0,0,0,0,0,0,0,0,0,0,0,0,0,0,1,0,0,0
55,WLNALLHHGLNCAKGVLA,0,0,0,0,0,0,0,0,0,0,0,0,0,0,0,0,0,0,0,0,0,1,0,0,0
56,KWKKALLHHGLNCAKGVLA,0,0,0,0,0,0,0,0,0,0,0,0,0,0,1,0,0,0,0,0,0,0,0,0,0
57,VTCDILSVEAKGVKLNDAACAAHCLFRGRSGGYCNGKRVCVCR,2,4,0,1,1,0,0,0,0,0,0,0,0,0,1,0,0,0,0,0,0,1,0,0,0
59,DAACAAHCLFRGRSGGYCNGKRVCVCR,0,0,0,0,0,0,0,0,0,0,0,0,0,0,1,0,0,0,0,0,0,0,0,0,0
72,KGGGKWGGKGGK,2,4,0,1,0,1,0,0,0,0,0,0,0,0,1,0,0,0,0,0,0,0,0,0,0
77,KLLLKWLLKLLK,2,4,0,1,0,1,0,0,0,0,0,0,0,0,1,0,0,0,0,0,0,1,0,0,0
79,ALWKTLLKKVLKAAA,1,3,0,1,0,0,0,0,0,0,0,0,0,0,1,0,0,0,0,0,0,1,0,0,1
80,LWKTLLKKVLKAAA,1,3,0,1,0,0,0,0,0,0,0,0,0,0,1,0,0,0,0,0,0,1,0,0,1
85,WKTLLKKVLKAAA,1,3,0,1,0,0,0,0,0,0,0,0,0,0,1,0,0,0,0,0,0,1,0,0,0
90,KTLLKKVLKAAA,1,3,0,1,0,0,0,0,0,0,0,0,0,0,1,0,0,0,0,0,0,1,0,0,0
95,TLLKKVLKAAA,1,3,0,1,0,0,0,0,0,0,0,0,0,0,1,0,0,0,0,0,0,1,0,0,0
102,ALWKTLLKKVLKAAAKAALKAVLVGANA,3,3,0,1,1,0,1,0,0,0,0,0,0,0,1,0,0,0,0,0,0,1,0,0,1
103,KLALKLALKAWKAALKLA,3,3,0,1,1,0,1,0,0,0,0,0,0,0,1,0,0,0,0,0,0,0,0,0,0
104,GLRKRLRKFRNKIKEKLKKI,3,3,0,1,0,0,1,0,1,0,0,0,0,0,1,0,0,0,0,0,0,1,0,0,0
105,SWFKTKSK,1,1,0,0,1,0,0,0,0,0,0,0,0,0,1,0,0,0,0,0,0,1,0,0,0
107,ALWKTLLKKVLKAAAK,3,3,0,1,1,0,1,0,0,0,0,0,0,0,1,0,0,0,0,0,0,1,0,0,0
108,ALWKTLLKKVLKA,3,3,0,1,1,0,1,0,0,0,0,0,0,0,1,0,0,0,0,0,0,1,0,0,0
109,KLALKAALKAWKAAAKLA,3,3,0,1,1,0,1,0,0,0,0,0,0,0,1,0,0,0,0,0,0,1,0,0,0
110,KLALKAAAKAWKAAAKAA,3,3,0,1,1,0,1,0,0,0,0,0,0,0,1,0,0,0,0,0,0,1,0,0,0
111,KAIAKSILKWIKSIAKAI,3,3,0,1,1,0,1,0,0,0,0,0,0,0,1,0,0,0,0,0,0,1,0,0,0
112,KALAALLKKWAKLLAALK,3,3,0,1,1,0,1,0,0,0,0,0,0,0,1,0,0,0,0,0,0,1,0,0,0
113,KLLAKAALKWLLKALKAA,3,3,0,1,1,0,1,0,0,0,0,0,0,0,1,0,0,0,0,0,0,1,0,0,0
115,KALKKLLAKWLAAAKALL,3,3,0,1,1,0,1,0,0,0,0,0,0,0,1,0,0,0,0,0,0,1,0,0,0
116,KITLKLAIKAWKLALKAA,3,3,0,1,1,0,1,0,0,0,0,0,0,0,1,0,0,0,0,0,0,1,0,0,0
117,KALAKALAKLWKALAKAA,3,3,0,1,1,0,1,0,0,0,0,0,0,0,1,0,0,0,0,0,0,1,0,0,0
118,GIGKFLHSAKKFGKAWVGEIMNS,3,3,0,1,1,0,1,0,0,0,0,0,0,0,1,0,0,0,0,0,0,1,0,0,0
119,GLGKFLHSAKRFGKAFVGEAMNS,3,3,0,1,1,0,1,0,0,0,0,0,0,0,1,0,0,0,0,0,0,1,0,0,0
120,GIGKFIHSAKKFGKLFVGEIMNS,3,3,0,1,1,0,1,0,0,0,0,0,0,0,1,0,0,0,0,0,0,1,0,0,0
121,GIGKFIHAAKKFGKLFIGEIMNS,3,3,0,1,1,0,1,0,0,0,0,0,0,0,1,0,0,0,0,0,0,1,0,0,0
122,GIGKFIHSAKRFGRAWVGEIMNS,3,3,0,1,1,0,1,0,0,0,0,0,0,0,1,0,0,0,0,0,0,1,0,0,0
123,GIGKFIHSVKKWGKTFIGEIMNS,3,3,0,1,1,0,1,0,0,0,0,0,0,0,1,0,0,0,0,0,0,1,0,0,0
124,GIAKFGKAAAHFGKKWVGELMNS,3,3,0,1,1,0,1,0,0,0,0,0,0,0,1,0,0,0,0,0,0,1,0,0,0
125,GIGKFLHTLKTFGKKWVGEIMNS,3,3,0,1,1,0,1,0,0,0,0,0,0,0,1,0,0,0,0,0,0,1,0,0,0
126,GIGHFLHKVKSFGKSWIGEIMNS,3,3,0,1,1,0,1,0,0,0,0,0,0,0,1,0,0,0,0,0,0,1,0,0,0
127,GLRKRLRKPRNKPKEKLKKI,3,3,0,1,0,0,1,0,1,0,0,0,0,0,1,0,0,0,0,0,0,1,0,0,0
128,GLRKRKRKFRNKKKEKLKKI,3,3,0,1,0,0,1,0,1,0,0,0,0,0,1,0,0,0,0,0,0,1,0,0,0
129,GLRKALRKFRNKIKEALKKI,3,3,0,1,0,0,1,0,1,0,0,0,0,0,1,0,0,0,0,0,0,1,0,0,0
130,GLRKRLRKARNKIKEKLKKI,3,4,0,1,0,0,1,0,1,0,0,0,0,0,1,0,0,0,0,0,0,1,0,0,0
131,GLRKRLRKFRNKIKQKLKKI,3,3,0,1,0,0,1,0,1,0,0,0,0,0,1,0,0,0,0,0,0,1,0,0,0
132,SWFKHKSK,1,1,0,0,1,0,0,0,0,0,0,0,0,0,1,0,0,0,0,0,0,1,0,0,0
133,SWXKNKSK,1,1,0,0,1,0,0,0,0,0,0,0,0,0,1,0,0,0,0,0,0,1,0,0,0
134,ILWHXK,1,1,0,0,1,0,0,0,0,0,0,0,0,0,1,0,0,0,0,0,0,1,0,0,0
135,KKHKWLWK,1,1,0,0,1,0,0,0,0,0,0,0,0,0,1,0,0,0,0,0,0,1,0,0,0
136,KLLLLLKLLLLK,1,2,0,1,0,0,0,0,0,0,0,0,0,0,1,0,0,0,0,0,0,1,0,0,0
137,KLLLKLLLKLLK,1,3,0,1,0,0,0,0,0,0,0,0,0,0,1,0,0,0,0,0,0,1,0,0,0
138,KLLLKLKLKLLK,3,3,0,1,0,0,1,0,1,0,0,0,0,0,1,0,0,0,0,0,0,1,0,0,0
139,KKLLKLKLKLKK,1,2,0,1,0,0,0,0,0,0,0,0,0,0,1,0,0,0,0,0,0,1,0,0,0
140,LLGDLLRKSKEKIGKEFKRIVQRIKDFLRNLVPRTES,0,0,0,0,0,0,0,0,0,0,0,0,0,0,1,0,0,0,0,0,0,0,0,0,0
141,LLGDLLRKSKEKIGKEFKRIVQR,0,0,0,0,0,0,0,0,0,0,0,0,0,0,1,0,0,0,0,0,0,0,0,0,0
142,KRIVQRIKDFLRNLVPRTES,3,3,0,0,1,1,1,0,0,0,0,0,0,0,1,0,0,0,0,0,0,1,0,0,0
143,SKEKIGKEFKRIVQRIKDFLR,0,0,0,0,0,0,0,0,0,0,0,0,0,0,1,0,0,0,0,0,0,0,0,0,0
144,FKRIVQRIKDFLR,4,5,0,1,1,0,1,0,1,0,0,0,0,0,1,0,0,0,0,0,0,1,0,0,1
145,RLFDKIRQVIRKF,0,0,0,0,0,0,0,0,0,0,0,0,0,0,1,0,0,0,0,0,0,0,0,0,0
146,KRIVQRIKDFLR,5,6,1,1,1,1,1,0,0,0,0,0,0,0,1,0,0,0,0,0,0,1,0,0,1
147,GFKRIVQRIKDFLRNLV,4,5,1,1,1,0,1,0,0,0,0,0,0,0,1,0,0,0,0,0,0,1,0,0,1
150,GIKEFKRIVQRIKDFLRNLV,3,5,0,1,1,0,1,0,0,0,0,0,0,0,1,0,0,0,0,0,0,0,0,0,0
151,GIKEXKRIVQRIKDFLRNLV,0,0,0,0,0,0,0,0,0,0,0,0,0,0,1,0,0,0,0,0,0,0,0,0,0
152,GIKEWKRIVQRIKDFLRNLV,0,0,0,0,0,0,0,0,0,0,0,0,0,0,1,0,0,0,0,0,0,0,0,0,0
153,GIKQFKRIVQRIKDFLRNLV,0,0,0,0,0,0,0,0,0,0,0,0,0,0,1,0,0,0,0,0,0,0,0,0,0
154,GIKEFKREFQRIKDFLRNLV,0,0,0,0,0,0,0,0,0,0,0,0,0,0,1,0,0,0,0,0,0,0,0,0,0
156,GRFKRFRKPFKKLFKKIS,0,0,0,0,0,0,0,0,0,0,0,0,0,0,1,0,0,0,0,0,0,1,0,0,0
157,GRFKRXRKKXKKLFKKIS,0,0,0,0,0,0,0,0,0,0,0,0,0,0,1,0,0,0,0,0,0,0,0,0,0
158,GRFKRIRKKLKKLFKKIS,0,0,0,0,0,0,0,0,0,0,0,0,0,0,1,0,0,0,0,0,0,0,0,0,0
159,GRFKRFRKKFKKLFK,0,0,0,0,0,0,0,0,0,0,0,0,0,0,1,0,0,0,0,0,0,0,0,0,0
160,VRRFPWWWPFLRR,4,5,0,1,1,0,1,0,1,0,0,0,0,0,1,0,0,0,0,0,0,1,0,0,0
161,RRRFPWVCWPFLRRR,0,0,0,0,0,0,0,0,0,0,0,0,0,0,1,0,0,0,0,0,0,1,0,0,0
162,RFPWWWPFLR,0,0,0,0,0,0,0,0,0,0,0,0,0,0,1,0,0,0,0,0,0,1,0,0,0
163,FPWWWPF,0,0,0,0,0,0,0,0,0,0,0,0,0,0,1,0,0,0,0,0,0,1,0,0,0
165,KWKSFIKKLTSAAKKVVTTAKPLISS,5,5,1,1,1,0,1,0,1,0,0,0,0,0,1,0,0,0,0,0,0,1,0,0,0
166,KWKLFKKIGIGAVLKVLTTGLPALIS,3,4,0,1,1,0,0,0,1,0,0,0,0,0,1,0,0,0,0,0,0,1,0,0,0
167,KWKLFKKIGIGAVLKVLTTGLPALKLTK,3,3,0,1,0,0,1,0,1,0,0,0,0,0,1,0,0,0,0,0,0,1,0,0,0
168,KWKSFIKKLTTAVKKVLTTGLPALIS,5,5,1,1,1,0,1,0,1,0,0,0,0,0,1,0,0,0,0,0,0,1,0,0,0
169,KWKSFIKKLTSAAKKVTTAAKPLTK,2,3,0,1,0,0,0,0,1,0,0,0,0,0,1,0,0,0,0,0,0,1,0,0,0
170,KWKKFIKKIGIGAVLKVLTTGLPALKLTKK,3,4,0,1,1,0,0,0,1,0,0,0,0,0,1,0,0,0,0,0,0,1,0,0,0
171,KKWKKFIKKIGIGAVLTTPGAKK,2,3,0,1,0,0,0,0,1,0,0,0,0,0,1,0,0,0,0,0,0,1,0,0,0
172,KWKSFIKKLTSAAKKVVTTAKPLALIS,2,3,0,1,0,0,0,0,1,0,0,0,0,0,1,0,0,0,0,0,0,1,0,0,0
173,KWKSFIKKLTKAAKKVVTTAKKPLIV,3,4,0,1,1,0,0,0,1,0,0,0,0,0,1,0,0,0,0,0,0,1,0,0,0
174,KWKKFIKSLTKSAAKTVVKTAKKPLIV,3,4,0,1,1,0,0,0,1,0,0,0,0,0,1,0,0,0,0,0,0,1,0,0,0
175,KWKLFKKIGIGAVLKVLTTGLPALKLTLK,2,3,0,1,0,0,0,0,1,0,0,0,0,0,1,0,0,0,0,0,0,1,0,0,0
176,KLFKKIGIGAVLKVLTTGLPALKLTLK,2,3,0,1,0,0,0,0,1,0,0,0,0,0,1,0,0,0,0,0,0,1,0,0,0
177,KWKFKKIGIGAVLKVLTTGLPALKLTLK,2,3,0,1,0,0,0,0,1,0,0,0,0,0,1,0,0,0,0,0,0,1,0,0,0
178,KLWKLFKKIGIGAVLKVLTTGLPALKLTLK,2,3,0,1,0,0,0,0,1,0,0,0,0,0,1,0,0,0,0,0,0,1,0,0,0
179,KWKSFIKNLTKGGSKILTTGLPALIS,2,3,0,1,0,0,0,0,1,0,0,0,0,0,1,0,0,0,0,0,0,1,0,0,0
180,KWKKFIKNLTKGGSKILTTGLPALIS,2,3,0,1,0,0,0,0,1,0,0,0,0,0,1,0,0,0,0,0,0,1,0,0,0
181,KWKSFIKKLTSAAKKVLTTGLPALIS,4,4,0,1,1,0,1,0,1,0,0,0,0,0,1,0,0,0,0,0,0,1,0,0,0